driver_id,total_rides,avg_price,total_earnings,avg_tip
1,517,15.097446808510638,10917.27,0.4951653363740023
3,517,15.06458413926499,11226.63,0.4511640798226164
4,517,14.940154738878144,11670.24,0.49684378320935174
5,517,14.939961315280465,10648.94,0.4317728852838934
6,517,14.890077369439071,11308.07,0.3606688596491228
9,517,14.736015473887814,11245.8,0.3916575790621592
11,517,15.161392649903288,11501.32,0.40883131201764056
12,517,15.313346228239846,11602.24,0.4753653217011996
14,517,15.173288201160542,10892.26,0.43185993111366244
15,517,14.922630560928432,10948.62,0.44106043329532496
16,517,14.908162475822051,11387.69,0.44634279475982536
21,517,14.913829787234043,11008.2,0.43729398663697105
22,517,14.747350096711799,11173.48,0.4732924107142857
26,517,15.62147001934236,11954.31,0.4072060409924488
32,517,14.838936170212765,11250.04,0.5066258351893096
35,517,14.620154738878142,11432.81,0.4218210862619808
36,517,15.000406189555125,11347.37,0.45026997840172783
38,517,15.2,11649.84,0.4776394849785408
42,517,15.3963249516441,11485.52,0.44335164835164836
45,517,14.832069632495164,11238.09,0.49058114035087713
47,517,15.117582205029013,11755.85,0.4482321618743344
48,517,15.212553191489363,11764.5,0.4109462365591398
53,517,14.834932301740812,10681.96,0.3890719257540603
55,517,15.267659574468086,11933.91,0.5177753544165759
59,517,15.082166344294002,11489.29,0.39122294372294375
62,517,15.002688588007738,11225.58,0.38742888402625825
63,517,14.76127659574468,11138.51,0.3984522502744237
67,517,14.880251450676983,11819.29,0.4339554612937434
69,517,15.08963249516441,11415.78,0.45075839653304445
70,517,15.213945841392649,11645.4,0.4813856068743287
71,517,14.937775628626692,10650.93,0.3854482758620689
73,517,14.571392649903288,10823.58,0.4614905450500556
75,517,15.085164410058027,11332.68,0.4603162486368593
76,517,14.91972920696325,10973.24,0.4283990980834273
83,517,15.280773694390716,11248.26,0.4649663677130045
85,517,14.785531914893618,11648.18,0.45741764080765146
86,517,14.589226305609284,10885.6,0.43529147982062777
87,517,14.99825918762089,11290.7,0.4796271186440678
91,517,14.813733075435202,11289.08,0.5185918591859187
92,517,15.053675048355899,11885.66,0.45329461457233367
94,517,15.36595744680851,11900.34,0.3905194805194805
97,517,15.4221083172147,11638.44,0.47865621500559913
100,517,14.822437137330754,11511.43,0.43558315334773223
101,517,14.945570599613152,11273.09,0.4095749440715884
102,517,15.119419729206962,11386.82,0.4630242825607064
103,517,15.105473887814313,11691.21,0.4230901287553648
104,517,15.019767891682786,11567.06,0.486822633297062
106,517,15.030870406189555,11531.89,0.4143088552915766
108,517,15.017117988394585,11074.93,0.44765227021040976
110,517,14.893326885880079,11329.73,0.45835176991150445
111,517,14.93431334622824,11719.83,0.4471871657754011
112,517,14.42027079303675,11221.94,0.43688720173535794
116,517,14.829690522243713,11149.34,0.40146503884572693
118,517,14.900212765957447,11354.82,0.43778877887788775
120,517,14.611818181818183,10957.13,0.49185226019845646
123,517,14.996847195357834,11638.79,0.4708658008658008
128,517,15.04495164410058,11315.18,0.525726872246696
129,517,15.574912959381043,11548.85,0.531803833145434
130,517,14.874100580270794,11437.59,0.5398911860718172
132,517,15.302166344294005,11821.63,0.42995735607675906
133,517,15.061025145067699,11227.1,0.4277366702937976
136,517,14.983752417794971,11424.92,0.4091289966923925
138,517,14.975473887814314,11512.08,0.3924810400866739
140,517,15.265106382978724,11154.68,0.43073863636363635
141,517,15.158607350096712,11179.48,0.456976483762598
142,517,15.01671179883946,10756.46,0.4559581881533101
145,517,14.851237911025146,10806.77,0.45484916201117315
149,517,14.618027079303676,11139.81,0.4715946843853821
150,517,14.822688588007736,10864.77,0.41401345291479824
151,517,14.814255319148936,11856.01,0.5393147751605996
152,517,14.398317214700194,10769.76,0.4365936473165389
155,517,15.204294003868473,11706.24,0.4646002190580504
156,517,14.88642166344294,11647.12,0.42198513800424625
159,517,14.91137330754352,11149.64,0.43851203501094094
160,517,15.112591876208898,10941.18,0.4162116040955632
163,517,14.492166344294004,10693.9,0.37464246424642467
164,517,14.569381044487427,11155.54,0.4538671023965141
172,517,15.529651837524177,11902.54,0.47992440604751624
173,517,14.689419729206964,11469.09,0.46789020452099034
177,517,15.09321083172147,11353.14,0.49040178571428567
178,517,14.87340425531915,11014.4,0.41020994475138123
179,517,14.94752417794971,11559.34,0.45928111587982834
181,517,15.335841392649904,11447.18,0.4463083604777416
183,517,15.094506769825918,11306.61,0.4582541436464089
185,517,15.392882011605415,11084.61,0.4482468281430219
186,517,15.079574468085108,11818.99,0.42381509032943676
188,517,14.96110251450677,11587.74,0.41064935064935065
191,517,14.764332688588008,10207.22,0.4689915966386555
193,517,15.058278529980658,11505.56,0.5368512486427796
194,517,14.924603481624757,11209.85,0.4343263964950712
196,517,15.05705996131528,11092.76,0.41723404255319146
198,517,15.23009671179884,11422.73,0.42629175946547887
199,517,14.958046421663443,11305.789999999999,0.4356843267108168
203,517,15.092901353965184,11475.93,0.46983660130718957
204,517,14.925183752417794,11361.41,0.43375939849624057
206,517,15.134410058027079,11598.82,0.47404324324324326
209,517,14.88411992263056,11183.06,0.4886659192825112
210,517,15.39504835589942,11697.24,0.4469772481040087
213,517,14.684738878143134,11313.96,0.47378868729989326
216,517,15.249709864603483,11891.93,0.4189946524064171
217,517,14.743268858800775,10440.08,0.3995756880733945
218,517,15.092804642166344,11493.83,0.5251248642779587
219,517,15.48073500967118,11548.7,0.44566518847006653
221,517,15.332243713733076,11342.33,0.45372615039281705
222,517,15.14247582205029,11909.58,0.4400534759358289
224,517,15.136092843326885,11186.56,0.3898096304591266
225,517,15.232765957446809,11142.34,0.4265804274465692
226,517,14.841644100580272,11483.85,0.4547840172786177
227,517,14.981102514506771,11217.25,0.4483033707865169
229,517,14.822707930367505,10835.59,0.4206060606060606
231,517,15.190831721470019,11429.84,0.4344579646017699
232,517,15.050696324951645,11154.21,0.3721175166297117
233,517,14.599516441005802,10654.3,0.41753424657534244
234,517,15.037969052224371,11314.83,0.4331208791208791
238,517,15.177833655705996,11186.66,0.45141891891891894
239,517,14.838317214700194,11184.92,0.38549234135667393
241,517,15.108665377176017,10962.65,0.38535227272727274
248,517,14.729245647969053,10931.22,0.3637719298245614
249,517,14.903017408123791,11023.5,0.3851255707762557
250,517,15.243617021276595,11899.07,0.5034713375796178
252,517,15.049516441005803,11049.93,0.4099888017917133
258,517,14.950541586073502,10912.41,0.3965237020316027
259,517,15.030077369439072,10895.49,0.5086538461538461
261,517,14.89568665377176,10942.87,0.3984062850729518
262,517,14.815164410058026,10991.13,0.39089010989010986
263,517,14.685029013539651,10879.67,0.4232700892857143
265,517,14.846731141199227,11249.97,0.4343410852713178
268,517,14.511566731141198,11142.56,0.5324017467248908
270,517,14.947852998065764,11467.06,0.47732608695652173
271,517,15.0378916827853,11122.81,0.48513483146067415
273,517,14.487640232108317,10545.97,0.47329532497149374
274,517,15.177040618955512,11424.08,0.49012235817575084
275,517,14.904661508704063,10916.88,0.4447285067873303
279,517,14.680348162475822,10870.3,0.45231194690265486
282,517,15.426441005802708,11278.16,0.4964545454545454
283,517,15.066382978723404,11491.73,0.44862894450489665
287,517,15.365531914893616,11666.2,0.4420594713656388
288,517,15.29823984526112,10992.88,0.4044661308840414
289,517,14.998839458413926,10835.01,0.46155074116305583
290,517,15.189148936170213,11657.97,0.48751357220412594
291,517,15.211702127659574,11563.29,0.4354378378378378
292,517,14.56781431334623,10936.59,0.4840153172866521
294,517,14.931818181818182,11307.97,0.4973355263157895
295,517,14.829187620889748,10767.13,0.45447727272727273
297,517,15.014197292069634,11240.8,0.47273637374860955
